link,title,full_date,print_date,date_info,sort_date,end_date,month,location,town,short_location,postcode,council,council_abbr,location_search,category,info,name,root,event_icon,ppf,update_date
https://museum.wales//cardiff/whatson/10676/The-Fossil-Swamp/,The Fossil Swamp,18 May 2019 – 2 March 2025,Sat 18 May 2019 – Sun 02 Mar 2025,,2019-05-18,2025-03-02,,National Museum Cardiff,Cardiff,National Museum Cardiff,CF10 3NP,Cardiff,cff,National Museum Cardiff  Cardiff CF10 3NP,exhibition,Far back in time… before humans. .. before dinosaurs. .. there was a different world. This new e. ..,Museum Wales ,https://museum.wales/,./static/images/museum_wales_logo.png,-1700,12 Jan 2024 22:41
https://museum.wales//cardiff/whatson/11568/Reframing-Picton/,Reframing Picton,"1 August 2022 – 12 January 2025, The exhibition will be open until 9pm on 6 April, 4 May and 1 June",Mon 01 Aug 2022 – Sun 12 Jan 2025,,2022-08-01,2025-01-12,,National Museum Cardiff,Cardiff,National Museum Cardiff,CF10 3NP,Cardiff,cff,National Museum Cardiff  Cardiff CF10 3NP,exhibition,Who was Lieutenant-General Sir Thomas Picton? A war hero. A cruel tyrant. A symptom of the Bri. ..,Museum Wales ,https://museum.wales/,./static/images/museum_wales_logo.png,-529,12 Jan 2024 22:41
https://museum.wales//cardiff/whatson/11839/Revealing-douard-Manets-Portrait-of-Monsieur-Jules-Dejouy/,Revealing ÉDouard Manet's Portrait Of Monsieur Jules Dejouy,17 January 2023 – 1 January 2025,Tue 17 Jan 2023 – Wed 01 Jan 2025,,2023-01-17,2025-01-01,,National Museum Cardiff,Cardiff,National Museum Cardiff,CF10 3NP,Cardiff,cff,National Museum Cardiff  Cardiff CF10 3NP,exhibition,"Édouard Manet's (1832-1883) Portrait de Monsieur Jules Dejouy (1879), was acquired by A. ..",Museum Wales ,https://museum.wales/,./static/images/museum_wales_logo.png,-360,12 Jan 2024 22:41
https://museum.wales//stfagans/whatson/11851/Wales-is-grateful-for-its-NHS-/,Wales Is... Grateful For Its NHS,3 March 2023 – 5 March 2024,Fri 03 Mar 2023 – Tue 05 Mar,,2023-03-03,2024-03-05,,St Fagans National Museum of History,St. Fagans,St. Fagans,CF5 6XB,Cardiff,cff,St. Fagans  National Museum of History  Cardiff CF5 6XB,exhibition,The National Health Service belongs to the people of Wales. It has a special place at the heart of o. ..,Museum Wales ,https://museum.wales/,./static/images/museum_wales_logo.png,-315,12 Jan 2024 22:41
https://museum.wales//swansea/whatson/12026/Railways-United/,Railways United,26 August 2023 – 25 February 2024,Sat 26 Aug 2023 – Sun 25 Feb,,2023-08-26,2024-02-25,,National Waterfront Museum,Swansea,National Waterfront Museum,SA1 3RD ,Swansea,swa,National Waterfront Museum  Oystermouth Rd  Maritime Quarter  Swansea SA1 3RD ,exhibition,Discover the fascinating history behind our railways.  This exhibition showcases the diversity o. ..,Museum Wales ,https://museum.wales/,./static/images/museum_wales_logo.png,-139,12 Jan 2024 22:41
https://museum.wales//cardiff/whatson/11808/Artes-Mundi-10/,Artes Mundi 10,20 October 2023 – 25 February 2024,Fri 20 Oct 2023 – Sun 25 Feb,,2023-10-20,2024-02-25,,National Museum Cardiff,Cardiff,National Museum Cardiff,CF10 3NP,Cardiff,cff,National Museum Cardiff  Cardiff CF10 3NP,exhibition,The UK's leading biennial exhibition and international contemporary art prize returns to Natio. ..,Museum Wales ,https://museum.wales/,./static/images/museum_wales_logo.png,-84,12 Jan 2024 22:41
https://museum.wales//bigpit/whatson/12107/Blaenavon---A-Townscape-Celebration/,Blaenavon - A Townscape Celebration,20 October 2023 – 1 March 2024,Fri 20 Oct 2023 – Fri 01 Mar,,2023-10-20,2024-03-01,,Big Pit National Coal Museum,Blaenavon,Big Pit,NP4 9XP,Torfaen,oth,Big Pit  National Coal Museum  Pontypool NP4 9XP,exhibition,Discover more about the history of Blaenavon. This exhibition has been inspired by a community activi. ..,Museum Wales ,https://museum.wales/,./static/images/museum_wales_logo.png,-84,12 Jan 2024 22:41
https://museum.wales//swansea/whatson/11566/Extra-Time-at-the-National-Waterfront-Museum/,Extra Time At The National Waterfront Museum,"2 November, 7 December 2023, 4 January &  1 February 2024","2 Nov, 7 Dec 2023, 4 Jan & 1 Feb",,2023-11-02,2024-02-01,,National Waterfront Museum,Swansea,National Waterfront Museum,SA1 3RD ,Swansea,swa,National Waterfront Museum  Oystermouth Rd  Maritime Quarter  Swansea SA1 3RD ,event,Come enjoy and explore the National Waterfront Museum during our extended opening hours on the first. ..,Museum Wales ,https://museum.wales/,./static/images/museum_wales_logo.png,-71,12 Jan 2024 22:41
https://museum.wales//swansea/whatson/12110/The-Great-Welsh-Road-Trip/,The Great Welsh Road Trip,25 November 2023 – 11 May 2024,Sat 25 Nov 2023 – Sat 11 May,,2023-11-25,2024-05-11,,National Waterfront Museum,Swansea,National Waterfront Museum,SA1 3RD ,Swansea,swa,National Waterfront Museum  Oystermouth Rd  Maritime Quarter  Swansea SA1 3RD ,exhibition,"From medieval times to the present day, discover how roads have played a vital part in Wales.  &. ..",Museum Wales ,https://museum.wales/,./static/images/museum_wales_logo.png,-48,12 Jan 2024 22:41
https://www.wmc.org.uk/en/whats-on/2023/disneys-aladdin,Disney's Aladdin,7 December 2023 – 14 January 2024,Thu 07 Dec 2023 – Sun 14 Jan,,2023-12-07,2024-01-14,,"Wales Millenium Centre, Bute Place, Cardiff, CF10 5AL",Wales Millenium Centre,Wales Millenium Centre,CF10 5AL,Cardiff,cff,Wales Millenium Centre  Bute Place  Cardiff  CF10 5AL,performance,"If you require a wheelchair space or carer seat, please call Ticket Office on 029 2063 6464.",Wales Millenium Centre,https://www.wmc.org.uk,./static/images/wmc_logo.png,-36,12 Jan 2024 22:41
http://www.margamcountrypark.co.uk//2128?event_id=41576,The Orangery's January Wedding Showcase,Fri 12 Jan 2024,Fri 12 Jan - Sun 14 Jan,,2024-01-12,2024-01-12,,"Margam Country Park, Margam, Port Talbot, SA13 2TJ ",Margam Park,Margam Country Park,SA13 2TJ,Neath Port Talbot,oth,Margam Country Park  Margam  Port Talbot  SA13 2TJ ,event,"If you're looking for your dream wedding venue, come along to our Wedding Showcase event this January and discover our beautiful venue and special location.",Margam Park,http://www.margamcountrypark.co.uk/,./static/images/margam_logo.png,0,12 Jan 2024 22:41
https://www.nationaltrust.org.uk/visit/wales/dyffryn-gardens/events/ede2ec63-df61-4314-bb07-7a8af1fe63bf,Winter Wander At Dyffryn Gardens,Sat 13 Jan 2024,Sat 13 Jan *,check event for more dates,2024-01-13,2024-01-13,,"Dyffryn Gardens, St Nicholas, CF5 6SU",Dyffryn Gardens,Dyffryn Gardens,CF5 6SU,Vale of Glamorgan,vog,Dyffryn Gardens  St Nicholas  CF5 6SU,event,"After the hectic energy which often accompanies the end of one year and the start of another, a quiet winter walk is a great way to look after your body and mind during the ongoing winter months.",Dyffryn Gardens,https://www.nationaltrust.org.uk,./static/images/national_trust_logo.png,1,12 Jan 2024 22:41
https://www.nationaltrust.org.uk/visit/wales/dyffryn-gardens/events/d2a2bcb3-0da4-4e21-877a-f5d768dacda2,House Of Discovery - Exhibition At Dyffryn,Sat 13 Jan 2024,Sat 13 Jan *,check event for more dates,2024-01-13,2024-01-13,,"Dyffryn Gardens, St Nicholas, CF5 6SU",Dyffryn Gardens,Dyffryn Gardens,CF5 6SU,Vale of Glamorgan,vog,Dyffryn Gardens  St Nicholas  CF5 6SU,event,Discover more of Dyffryn's history and find out how we're looking after this special place in our new exhibition in the Morning Room of Dyffryn House.,Dyffryn Gardens,https://www.nationaltrust.org.uk,./static/images/national_trust_logo.png,1,12 Jan 2024 22:41
https://museum.wales//stfagans/whatson/12135/Plygain-Service/,Plygain Service,"14 January 2024, 2pm",Sun 14 Jan,,2024-01-14,2024-01-14,,St Fagans National Museum of History,St. Fagans,St. Fagans,CF5 6XB,Cardiff,cff,St. Fagans  National Museum of History  Cardiff CF5 6XB,event,Join the congregation of Capel Minny Street at St Teilo's Church for a 'Plygain' Service in celebrat. ..,Museum Wales ,https://museum.wales/,./static/images/museum_wales_logo.png,2,12 Jan 2024 22:41
https://museum.wales//swansea/whatson/11891/Quiet-Hour-at-the-Museum/,Quiet Hour At The Museum,"14 January, 18 February, 17 March, 14 April, 5 May &  30 June 2024, 3-4pm","14 Jan, 18 Feb, 17 Mar, 14 Apr, 5 May & 30 Jun, 3",,2024-01-14,2024-06-03,,National Waterfront Museum,Swansea,National Waterfront Museum,SA1 3RD ,Swansea,swa,National Waterfront Museum  Oystermouth Rd  Maritime Quarter  Swansea SA1 3RD ,event,Public spaces can be overwhelming and very stressful for individuals with additional needs and disab. ..,Museum Wales ,https://museum.wales/,./static/images/museum_wales_logo.png,2,12 Jan 2024 22:41
https://cadw.gov.wales/try-something-new-tuesdays,Try Something New Tuesdays,Tue 16 Jan 2024,Tue 16 Jan,,2024-01-16,2024-01-16,,Raglan Castle,Raglan,Raglan Castle,NP15 2BT,Monmouthshire,oth,Raglan Castle  Castle Rd  Raglan NP15 2BT ,event,"Try something new for the New Year! If your New Year's resolution were to try something new, then come along to one of our Tuesday taster sessions. Tuesday 16 January – An introduction to Medieval HerbsJoin folklorist and historian, Val Williams as she explores the world of medieval herbs.  Try your hand at making oil infusions, teas and protective herb posies.",Cadw,https://cadw.gov.wales/ ,./static/images/cadw_logo.png,4,12 Jan 2024 22:41
https://www.wmc.org.uk/en/whats-on/2024/fantastically-great-women-who-changed-the-world,Fantastically Great Women Who Changed The World,17 – 21 January 2024,Wed 17 Jan – Sun 21 Jan,,2024-01-17,2024-01-21,,"Wales Millenium Centre, Bute Place, Cardiff, CF10 5AL",Wales Millenium Centre,Wales Millenium Centre,CF10 5AL,Cardiff,cff,Wales Millenium Centre  Bute Place  Cardiff  CF10 5AL,performance,"Can I have your attention please! !? Empowering pop musical Fantastically Great Women Who Changed the World comes to Cardiff in January! This kick ass-pirational stage show, based on the popular children's book by Suffragette relative Kate Pankhurst, and adapted by Chris Bush (Standing at the Sky's Edge), comes from one of the producers of Six.",Wales Millenium Centre,https://www.wmc.org.uk,./static/images/wmc_logo.png,5,12 Jan 2024 22:41
https://museum.wales//stfagans/whatson/12144/Aber-Valley-Quilters--quilting-demonstration-in-Gweithdy/,Aber Valley Quilters – Quilting Demonstration In Gweithdy,"17 January 2024, 11am-1pm & 2pm-3pm",Wed 17 Jan,,2024-01-17,2024-01-17,,St Fagans National Museum of History,St. Fagans,St. Fagans,CF5 6XB,Cardiff,cff,St. Fagans  National Museum of History  Cardiff CF5 6XB,event,Come and watch as quilters from the Aber Valley and artist Jesse Briton (HOLM) attempt to create a n. ..,Museum Wales ,https://museum.wales/,./static/images/museum_wales_logo.png,5,12 Jan 2024 22:41
https://www.insolecourt.org/events/lecture-a-history-of-cardiff-docks,Lecture: A History Of Cardiff Docks,"When: Wednesday 17th January 2024, 6.30pm",Wed 17 Jan,,2024-01-17,2024-01-17,,"Insole Court, Fairwater Road, Llandaff, Cardiff CF5 2LN ",Insole Court,Insole Court,CF5 2LN,Cardiff,cff,Insole Court  Fairwater Road  Llandaff  Cardiff CF5 2LN ,event,The Heritage & Cultural Exchange is a community based organisation that aims to fully chronicle the the heritage and cultural diversity of Tiger Bay and Cardiff Docklands. This talk traces the history of Cardiff Docks told in images from the Tiger Bay Collection,Insole Court,https://www.insolecourt.org/,./static/images/insole_court_logo.png,5,12 Jan 2024 22:41
https://www.insolecourt.org/events/talk-event-cardiff,Talk Event Cardiff,"When: 17th January 2024, 10am – 12 pm",Wed 17 Jan – Fri 12 Jan,,2024-01-17,2024-01-12,,"Insole Court, Fairwater Road, Llandaff, Cardiff CF5 2LN ",Insole Court,Insole Court,CF5 2LN,Cardiff,cff,Insole Court  Fairwater Road  Llandaff  Cardiff CF5 2LN ,event,Find us on Instagram @talkevent_cardiffTickets available via EventBright & launched via Instagram,Insole Court,https://www.insolecourt.org/,./static/images/insole_court_logo.png,5,12 Jan 2024 22:41
https://museum.wales//cardiff/whatson/12124/Audio-Described-Tours-Wildlife-in-Wales/,Audio Described Tours: Wildlife In Wales,"18 January 2024, 11am",Thu 18 Jan,,2024-01-18,2024-01-18,,National Museum Cardiff,Cardiff,National Museum Cardiff,CF10 3NP,Cardiff,cff,National Museum Cardiff  Cardiff CF10 3NP,event,Join us for an audio described tour of the Natural History galleries to explore the wildlife of Wale. ..,Museum Wales ,https://museum.wales/,./static/images/museum_wales_logo.png,6,12 Jan 2024 22:41
https://www.eventbrite.co.uk/e/cafe-concert-performed-by-students-of-uwc-atlantic-tickets-662314078237?aff=oddtdtcreator,Café Concert - Performed By Students Of UWCAtlantic,"Friday, 19 January",Fri 19 Jan - Fri 31 May,,2024-01-19,2024-01-19,,"UWC Atlantic College St Donat's Castle, Saint Donats, CF61 1WF",St. Donats,St. Donat's Castle,CF61 1WF,Vale of Glamorgan,vog,St. Donat's Castle  UWC Atlantic College  CF61 1WF,event,"Join us at our Café Concert at St Donat's Art Centre, performed by our very own UWC Atlantic students!",UWC Atlantic College,https://www.uwcatlanticexperience.com/ ,./static/images/uwc_logo.png,7,12 Jan 2024 22:41
https://www.wmc.org.uk/en/whats-on/2024/were-going-on-a-bear-hunt,We're Going On A Bear Hunt,19 – 21 January 2024,Fri 19 Jan – Sun 21 Jan,,2024-01-19,2024-01-21,,"Wales Millenium Centre, Bute Place, Cardiff, CF10 5AL",Wales Millenium Centre,Wales Millenium Centre,CF10 5AL,Cardiff,cff,Wales Millenium Centre  Bute Place  Cardiff  CF10 5AL,performance,We're going to Wales Millennium Centre We're going to see a Bear Hunt What a beautiful Play!  We're not scared. .. .,Wales Millenium Centre,https://www.wmc.org.uk,./static/images/wmc_logo.png,7,12 Jan 2024 22:41
https://www.wmc.org.uk/en/whats-on/2024/peter-pan-goes-wrong,Peter Pan Goes Wrong,22 – 27 January 2024,Mon 22 Jan – Sat 27 Jan,,2024-01-22,2024-01-27,,"Wales Millenium Centre, Bute Place, Cardiff, CF10 5AL",Wales Millenium Centre,Wales Millenium Centre,CF10 5AL,Cardiff,cff,Wales Millenium Centre  Bute Place  Cardiff  CF10 5AL,performance,"The creators of The Play That Goes Wrong return with another catastrophic disaster! Following their multi award-winning sell-out success with The Play That Goes Wrong and the BBC TV series The Goes Wrong Show, Mischief return with their riotous spin on a timeless classic, the West End smash hit Peter Pan Goes Wrong. The members of the Cornley Polytechnic Drama Society are back on stage, battling...",Wales Millenium Centre,https://www.wmc.org.uk,./static/images/wmc_logo.png,10,12 Jan 2024 22:41
https://museum.wales//swansea/whatson/12141/One-Stop-Info-Shop-Museum-Takeover/,One Stop Info Shop Museum Takeover,"22 January 2024, 11am - 2pm",Mon 22 Jan,,2024-01-22,2024-01-22,,National Waterfront Museum,Swansea,National Waterfront Museum,SA1 3RD ,Swansea,swa,National Waterfront Museum  Oystermouth Rd  Maritime Quarter  Swansea SA1 3RD ,event,60 information stands! One Stop Info Shop is a collaboration between the ‘Collaboration Station. ..,Museum Wales ,https://museum.wales/,./static/images/museum_wales_logo.png,10,12 Jan 2024 22:41
https://museum.wales//cardiff/whatson/12122/Reframing-Picton-In-Conversation-with-Gesiye--Laku-Neg/,Reframing Picton: In Conversation With Gesiye & Laku Neg,"27 January 2024, 3pm - 5pm",Sat 27 Jan,,2024-01-27,2024-01-27,,National Museum Cardiff,Cardiff,National Museum Cardiff,CF10 3NP,Cardiff,cff,National Museum Cardiff  Cardiff CF10 3NP,event,"Book your ticketTo accompany the Reframing Picton exhibition, join us for an afternoon of conversati. ..",Museum Wales ,https://museum.wales/,./static/images/museum_wales_logo.png,15,12 Jan 2024 22:41
https://museum.wales//swansea/whatson/12142/Holocaust-Memorial-Day-Gallery-Screening--The-Silent-Village-U-1943/,Holocaust Memorial Day Gallery Screening – The Silent Village (U) 1943,"27 January 2024, 1pm",Sat 27 Jan,,2024-01-27,2024-01-27,,National Waterfront Museum,Swansea,National Waterfront Museum,SA1 3RD ,Swansea,swa,National Waterfront Museum  Oystermouth Rd  Maritime Quarter  Swansea SA1 3RD ,event,Join us to for this special gallery screening to mark Holocaust Memorial Day. This film was selected . ..,Museum Wales ,https://museum.wales/,./static/images/museum_wales_logo.png,15,12 Jan 2024 22:41
https://museum.wales//cardiff/whatson/12145/Holocaust-Memorial-Day-Event/,Holocaust Memorial Day Event,"27 January 2024, 3pm-5.30pm",Sat 27 Jan,,2024-01-27,2024-01-27,,National Museum Cardiff,Cardiff,National Museum Cardiff,CF10 3NP,Cardiff,cff,National Museum Cardiff  Cardiff CF10 3NP,event,Join Amgueddfa Cymru in collaboration with Holocaust Memorial Day Trust for an impactful afternoon c. ..,Museum Wales ,https://museum.wales/,./static/images/museum_wales_logo.png,15,12 Jan 2024 22:41
https://www.insolecourt.org/events/mansion-tour-28-january,Mansion Tour: 28Th January 2024,"When: Sunday 28th January 2024, 11am & 2pm",Sun 28 Jan,,2024-01-28,2024-01-28,,"Insole Court, Fairwater Road, Llandaff, Cardiff CF5 2LN ",Insole Court,Insole Court,CF5 2LN,Cardiff,cff,Insole Court  Fairwater Road  Llandaff  Cardiff CF5 2LN ,event,"Our expert tour guides are passionate about sharing their knowledge and love for Insole Court's history and hidden gems. Whether you're a local looking to uncover hidden stories or a visitor eager to explore the highlights, our guided tours are designed to cater to all interests and preferences.",Insole Court,https://www.insolecourt.org/,./static/images/insole_court_logo.png,16,12 Jan 2024 22:41
https://www.insolecourt.org/events/insole-court-farmers-market,Insole Court Farmers' Market,"When: Sunday 28th January 2024,  9am - 1pm",Sun 28 Jan,,2024-01-28,2024-01-28,,"Insole Court, Fairwater Road, Llandaff, Cardiff CF5 2LN ",Insole Court,Insole Court,CF5 2LN,Cardiff,cff,Insole Court  Fairwater Road  Llandaff  Cardiff CF5 2LN ,event,"Indulge in the some of the best produce South Wales has to offer and treat yourself to some unique goodies from our wonderful local traders at our popular Farmers' Market! Find the Farmers' Market outside the mansion from 9am-1pm The Insole Court Farmers' Market runs on the last Sunday of each month. For regular updates and information, join the Insole Court Farmers' Market Facebook group. Please...",Insole Court,https://www.insolecourt.org/,./static/images/insole_court_logo.png,16,12 Jan 2024 22:41
https://www.wmc.org.uk/en/whats-on/2024/jesus-christ-superstar,Jesus Christ Superstar,29 January – 3 February 2024,Mon 29 Jan – Sat 03 Feb,,2024-01-29,2024-02-03,,"Wales Millenium Centre, Bute Place, Cardiff, CF10 5AL",Wales Millenium Centre,Wales Millenium Centre,CF10 5AL,Cardiff,cff,Wales Millenium Centre  Bute Place  Cardiff  CF10 5AL,performance,An album that inspired a revolution. A revelation that changed the world. A reinvention for this millennium.,Wales Millenium Centre,https://www.wmc.org.uk,./static/images/wmc_logo.png,17,12 Jan 2024 22:41
https://www.nationaltrust.org.uk/visit/wales/dyffryn-gardens/events/22ba4853-81c9-4050-8ad8-902c33ba9b3c,Help Build A Dead-Hedge At Dyffryn Gardens,Sat 3 Feb 2024,Sat 03 Feb *,check event for more dates,2024-02-03,2024-02-03,February,"Dyffryn Gardens, St Nicholas, CF5 6SU",Dyffryn Gardens,Dyffryn Gardens,CF5 6SU,Vale of Glamorgan,vog,Dyffryn Gardens  St Nicholas  CF5 6SU,event,Help us build the dead-hedge around the Log Stack play area. It helps identify the area's boundary and it becomes a very important home for many little critters.,Dyffryn Gardens,https://www.nationaltrust.org.uk,./static/images/national_trust_logo.png,22,12 Jan 2024 22:41
https://museum.wales//stfagans/whatson/11447/Rush-Mat-Weaving-Course/,Rush Mat Weaving Course,"3 February 2024, 10.30am-4pm",Sat 03 Feb,,2024-02-03,2024-02-03,,St Fagans National Museum of History,St. Fagans,St. Fagans,CF5 6XB,Cardiff,cff,St. Fagans  National Museum of History  Cardiff CF5 6XB,course,"Try your hand at the craft of rush weaving - make beautiful, sustainable, plastic-free mats for your home.",Museum Wales ,https://museum.wales/,./static/images/museum_wales_logo.png,22,12 Jan 2024 22:41
https://museum.wales//swansea/whatson/11881/Come-to-Sing/,Come To Sing!,"3 February, 2 March, 6 April &  4 May 2024, 11am","3 Feb, 2 Mar, 6 Apr & 4 May",,2024-02-03,2024-05-04,,National Waterfront Museum,Swansea,National Waterfront Museum,SA1 3RD ,Swansea,swa,National Waterfront Museum  Oystermouth Rd  Maritime Quarter  Swansea SA1 3RD ,event,A warm welcome to Welsh speakers and learners to join musician Delyth Jenkins and learn Welsh throug. ..,Museum Wales ,https://museum.wales/,./static/images/museum_wales_logo.png,22,12 Jan 2024 22:41
https://museum.wales//whatson/digital/12109/Museum-Talks-ONLINE-Black-History-is-Welsh-History/,Museum Talks Online: Black History Is Welsh History,"8 February 2024, 6pm",Thu 08 Feb,,2024-02-08,2024-02-08,,Digital Event,Digital Event,Digital Event,Digital Event,Digital Event,oth,Digital Event,digital_event,"Book your tickets Throughout the nineteenth and early twentieth centuries, Cardiff was one of t. ..",Museum Wales ,https://museum.wales/,./static/images/museum_wales_logo.png,27,12 Jan 2024 22:41
https://museum.wales//cardiff/whatson/12139/LATES-AM10/,Lates: Am10,"9 February 2024, 7pm - 11.30pm",Fri 09 Feb,,2024-02-09,2024-02-09,,National Museum Cardiff,Cardiff,National Museum Cardiff,CF10 3NP,Cardiff,cff,National Museum Cardiff  Cardiff CF10 3NP,event,LATES is returning in 2024! Come and celebrate contemporary art and the Artes Mundi 10 exhibition at. ..,Museum Wales ,https://museum.wales/,./static/images/museum_wales_logo.png,28,12 Jan 2024 22:41
https://museum.wales//stfagans/whatson/12112/St-Fagans-Sketching-Group-/,St Fagans Sketching Group,"9 February, 8 March, 12 April, 10 May, 14 June, 12 July &  9 August 2024, 10.30am-12pm","9 Feb, 8 Mar, 12 Apr, 10 May, 14 Jun, 12 Jul & 9 Aug",,2024-02-09,2024-08-09,,St Fagans National Museum of History,St. Fagans,St. Fagans,CF5 6XB,Cardiff,cff,St. Fagans  National Museum of History  Cardiff CF5 6XB,event,Join our new informal sketching group and explore the sights of St Fagans National Museum of History. ..,Museum Wales ,https://museum.wales/,./static/images/museum_wales_logo.png,28,12 Jan 2024 22:41
https://www.insolecourt.org/events/chinese-new-year-2024,Chinese New Year 2024,"When: Saturday 10th February 2024, 10am - 4pm",Sat 10 Feb,,2024-02-10,2024-02-10,,"Insole Court, Fairwater Road, Llandaff, Cardiff CF5 2LN ",Insole Court,Insole Court,CF5 2LN,Cardiff,cff,Insole Court  Fairwater Road  Llandaff  Cardiff CF5 2LN ,course,"There will be games, arts & crafts, Story reading, street food and more!  We would advise booking the stories and arts & Crafts so that we can make sure we have enough space for everyone.  Arts & Crafts -    Stories -",Insole Court,https://www.insolecourt.org/,./static/images/insole_court_logo.png,29,12 Jan 2024 22:41
https://www.nationaltrust.org.uk/visit/wales/tredegar-house/events/21d74e3a-0771-4250-aefb-2e55d8b45619,Feburary Half Term,Sat 10 Feb 2024,Sat 10 Feb *,check event for more dates,2024-02-10,2024-02-10,,"Tredegar House, Pencarn Way, Newport, NP10 8YW ",Tredegar House,Tredegar House,NP10 8YW,Newport,oth,Tredegar House  Pencarn Way  Newport  NP10 8YW ,event,"February half term fun begins from 10 – 18 February, see below what we have on for families to enjoy all week long.",Tredegar House,https://www.nationaltrust.org.uk,./static/images/national_trust_logo.png,29,12 Jan 2024 22:41
https://cadw.gov.wales/draw-your-own-lovespoon,Draw Your Own Lovespoon,Sat 10 Feb                             - Sun 18 Feb 2024,Sat 10 Feb - Sun 18 Feb,,2024-02-10,2024-02-18,,Chepstow Castle,Chepstow,Chepstow Castle,NP16 5EY,Monmouthshire,oth,Chepstow Castle  Bridge St  Chepstow NP16 5EY ,event,"What better way to celebrate the week of Valentine's Day than by designing and drawing your own lovespoon to give to that special person in your life. Discover the meanings behind the symbols traditionally used in lovespoons and add them to your design, or make your own symbols to create a unique lovespoon drawing. There is no additional charge to take part in this craft activity.",Cadw,https://cadw.gov.wales/ ,./static/images/cadw_logo.png,29,12 Jan 2024 22:41
https://www.nationaltrust.org.uk/visit/wales/dyffryn-gardens/events/093f5787-5ce0-44f1-9052-b3ff265058cb,Y Mis Bach Bingo,Sat 10 Feb 2024,Sat 10 Feb *,check event for more dates,2024-02-10,2024-02-10,,"Dyffryn Gardens, St Nicholas, CF5 6SU",Dyffryn Gardens,Dyffryn Gardens,CF5 6SU,Vale of Glamorgan,vog,Dyffryn Gardens  St Nicholas  CF5 6SU,event,"A little trail for a little month! Find some of the smaller things at Dyffryn Gardens, will you tick them all off your bingo sheet?",Dyffryn Gardens,https://www.nationaltrust.org.uk,./static/images/national_trust_logo.png,29,12 Jan 2024 22:41
http://www.margamcountrypark.co.uk//2128?event_id=41504,Kidzfun - Half Term Crafty Fun Day,Sat 10 Feb 2024,Sat 10 Feb,,2024-02-10,2024-02-10,,"Margam Country Park, Margam, Port Talbot, SA13 2TJ ",Margam Park,Margam Country Park,SA13 2TJ,Neath Port Talbot,oth,Margam Country Park  Margam  Port Talbot  SA13 2TJ ,course,"Kidzfun - Half term crafty fun day, paint your own nature/wildlife pottery. Create a nature/wildlife sand bottle or sand pictures various designs available prices start from £4, Glitter tattoos £3. 50. Meet in the Castle. 11am-3pm",Margam Park,http://www.margamcountrypark.co.uk/,./static/images/margam_logo.png,29,12 Jan 2024 22:41
https://museum.wales//stfagans/whatson/12143/South-Wales-Makers-Market-at-St-Fagans/,South Wales Makers Market At St Fagans,"10–17 February 2024, 10am - 5pm",Sat 10 Feb – Sat 17 Feb,,2024-02-10,2024-02-17,,St Fagans National Museum of History,St. Fagans,St. Fagans,CF5 6XB,Cardiff,cff,St. Fagans  National Museum of History  Cardiff CF5 6XB,event,South Wales Makers' Market showcases some exceptional local Welsh crafting talent. Stalls are varied. ..,Museum Wales ,https://museum.wales/,./static/images/museum_wales_logo.png,29,12 Jan 2024 22:41
https://museum.wales//swansea/whatson/9893/Year-of-the-Dragon-Celebration/,Year Of The Dragon Celebration!,"11 February 2024, 11am-4pm",Sun 11 Feb,,2024-02-11,2024-02-11,,National Waterfront Museum,Swansea,National Waterfront Museum,SA1 3RD ,Swansea,swa,National Waterfront Museum  Oystermouth Rd  Maritime Quarter  Swansea SA1 3RD ,event,"Join us to celebrate Chinese New Year as we welcome in the year of the DRAGON! A packed day of music,. ..",Museum Wales ,https://museum.wales/,./static/images/museum_wales_logo.png,30,12 Jan 2024 22:41
http://www.margamcountrypark.co.uk//2128?event_id=41505,Wildlife Mask Day Plus Have A Go At Archery,Mon 12 Feb 2024,Mon 12 Feb,,2024-02-12,2024-02-12,,"Margam Country Park, Margam, Port Talbot, SA13 2TJ ",Margam Park,Margam Country Park,SA13 2TJ,Neath Port Talbot,oth,Margam Country Park  Margam  Port Talbot  SA13 2TJ ,event,Pop along and make a mask of one of the animals that live in the Park…. Let your imagination run WILD!,Margam Park,http://www.margamcountrypark.co.uk/,./static/images/margam_logo.png,31,12 Jan 2024 22:41
http://www.margamcountrypark.co.uk//2128?event_id=41506,Superhero Science,Tue 13 Feb 2024,Tue 13 Feb,,2024-02-13,2024-02-13,,"Margam Country Park, Margam, Port Talbot, SA13 2TJ ",Margam Park,Margam Country Park,SA13 2TJ,Neath Port Talbot,oth,Margam Country Park  Margam  Port Talbot  SA13 2TJ ,event,Delve into the world of Superhero Science!,Margam Park,http://www.margamcountrypark.co.uk/,./static/images/margam_logo.png,32,12 Jan 2024 22:41
http://www.margamcountrypark.co.uk//2128?event_id=41507,Have A Go At Archery,Tue 13 Feb 2024,Tue 13 Feb,,2024-02-13,2024-02-13,,"Margam Country Park, Margam, Port Talbot, SA13 2TJ ",Margam Park,Margam Country Park,SA13 2TJ,Neath Port Talbot,oth,Margam Country Park  Margam  Port Talbot  SA13 2TJ ,event,Have A Go at Archery with the Margam Archery Club. 3 arrows £1. Meet at the BBQ site at the rear of the Castle. 11am-3pm,Margam Park,http://www.margamcountrypark.co.uk/,./static/images/margam_logo.png,32,12 Jan 2024 22:41
https://museum.wales//cardiff/whatson/12129/After-Dark-Science-on-Show/,After Dark: Science On Show,"14 February 2024, 6-9pm",Wed 14 Feb - Tue 06 Feb,,2024-02-14,2024-02-06,,National Museum Cardiff,Cardiff,National Museum Cardiff,CF10 3NP,Cardiff,cff,National Museum Cardiff  Cardiff CF10 3NP,event,After Dark: Science on Show is a free hands-on science evening suitable for all the family. Our theme. ..,Museum Wales ,https://museum.wales/,./static/images/museum_wales_logo.png,33,12 Jan 2024 22:41
http://www.margamcountrypark.co.uk//2128?event_id=41508,Kidzfun – Valentines Crafty Fun Day,Wed 14 Feb 2024,Wed 14 Feb,,2024-02-14,2024-02-14,,"Margam Country Park, Margam, Port Talbot, SA13 2TJ ",Margam Park,Margam Country Park,SA13 2TJ,Neath Port Talbot,oth,Margam Country Park  Margam  Port Talbot  SA13 2TJ ,event,paint your own love heart pottery  or create a sand art love heart bottle or picture,Margam Park,http://www.margamcountrypark.co.uk/,./static/images/margam_logo.png,33,12 Jan 2024 22:41
http://www.margamcountrypark.co.uk//2128?event_id=41510,Springtime With Zoolab,Thu 15 Feb 2024,Thu 15 Feb,,2024-02-15,2024-02-15,,"Margam Country Park, Margam, Port Talbot, SA13 2TJ ",Margam Park,Margam Country Park,SA13 2TJ,Neath Port Talbot,oth,Margam Country Park  Margam  Port Talbot  SA13 2TJ ,event,"Join Zoolab for a Springtime show all about how the animals start making the most of the warmer weather. Get up close and hands-on with the likes of Giant Snails, Tarantulas, Snakes",Margam Park,http://www.margamcountrypark.co.uk/,./static/images/margam_logo.png,34,12 Jan 2024 22:41
http://www.margamcountrypark.co.uk//2128?event_id=41509,Secret Agents With Louby Lou's Interactive Storytelling,Thu 15 Feb 2024,Thu 15 Feb,,2024-02-15,2024-02-15,,"Margam Country Park, Margam, Port Talbot, SA13 2TJ ",Margam Park,Margam Country Park,SA13 2TJ,Neath Port Talbot,oth,Margam Country Park  Margam  Port Talbot  SA13 2TJ ,event,Psst! You there. Can you help our MI5 agents with a top secret mission this half term?,Margam Park,http://www.margamcountrypark.co.uk/,./static/images/margam_logo.png,34,12 Jan 2024 22:41
http://www.margamcountrypark.co.uk//2128?event_id=41511,Bird Feeder Day,Fri 16 Feb 2024,Fri 16 Feb,,2024-02-16,2024-02-16,,"Margam Country Park, Margam, Port Talbot, SA13 2TJ ",Margam Park,Margam Country Park,SA13 2TJ,Neath Port Talbot,oth,Margam Country Park  Margam  Port Talbot  SA13 2TJ ,event,"Learn how to make a bird feeder- great for a helping our birds during the winter. Take your feeder home with you to hang in your garden,plus lots more wildlife craft activities with the ‘Friends of Margam'.",Margam Park,http://www.margamcountrypark.co.uk/,./static/images/margam_logo.png,35,12 Jan 2024 22:41
https://museum.wales//swansea/whatson/12140/Drag-Queen-Story-Hour-UK/,Drag Queen Story Hour Uk,"17 February 2024, 11am & 1pm",Sat 17 Feb,,2024-02-17,2024-02-17,,National Waterfront Museum,Swansea,National Waterfront Museum,SA1 3RD ,Swansea,swa,National Waterfront Museum  Oystermouth Rd  Maritime Quarter  Swansea SA1 3RD ,event,We are super excited to announce that @DragQueenStoryHourUK will be joining us ! ! Aida H Dee - . ..,Museum Wales ,https://museum.wales/,./static/images/museum_wales_logo.png,36,12 Jan 2024 22:41
http://www.margamcountrypark.co.uk//2128?event_id=41545,Robot Day In The Castle,Sun 18 Feb 2024,Sun 18 Feb,,2024-02-18,2024-02-18,,"Margam Country Park, Margam, Port Talbot, SA13 2TJ ",Margam Park,Margam Country Park,SA13 2TJ,Neath Port Talbot,oth,Margam Country Park  Margam  Port Talbot  SA13 2TJ ,event,"Today we will be using computers to control LEGO robots. Primary age to retired we will show you how to make your robot move, talk, smile and much more! We very much look forward to meeting you in the Castle for this free experience. The equipment we will be using is the Lego Mindstorm Kits.",Margam Park,http://www.margamcountrypark.co.uk/,./static/images/margam_logo.png,37,12 Jan 2024 22:41
https://museum.wales//stfagans/whatson/12125/Audio-Described-Tours-Spring-at-St-Fagans-Mindful-Nature-Walk/,Audio Described Tours: Spring At St Fagans Mindful Nature Walk,"22 February 2024, 11am",Thu 22 Feb,,2024-02-22,2024-02-22,,St Fagans National Museum of History,St. Fagans,St. Fagans,CF5 6XB,Cardiff,cff,St. Fagans  National Museum of History  Cardiff CF5 6XB,event,Join us for an audio described mindful walk around St Fagans exploring the natural world. This free t. ..,Museum Wales ,https://museum.wales/,./static/images/museum_wales_logo.png,41,12 Jan 2024 22:41
https://www.eventbrite.co.uk/e/st-donats-castle-wedding-showcase-day-2024-tickets-795270705087?aff=oddtdtcreator,St Donat's Castle Wedding Showcase Day 2024,"Saturday, 24 February",Sat 24 Feb,,2024-02-24,2024-02-24,,"UWC Atlantic College, Llantwit Major, CF61 1WF",St. Donats,St. Donat's Castle,CF61 1WF,Vale of Glamorgan,vog,St. Donat's Castle  UWC Atlantic College  CF61 1WF,event,Fall in love with the wedding venue of your dreams. Book to view St Donat's Castle and speak to our team of experienced wedding coordinators,UWC Atlantic College,https://www.uwcatlanticexperience.com/ ,./static/images/uwc_logo.png,43,12 Jan 2024 22:41
https://cadw.gov.wales/coch-celebrates-st-david,Coch Celebrates St. David,Fri 01 Mar                             - Sun 03 Mar 2024,Fri 01 Mar - Sun 03 Mar,,2024-03-01,2024-03-03,March,Castell Coch,Cardiff,Castell Coch,CF15 7JS,Cardiff,cff,Castell Coch  Cardiff CF15 7JS ,course,"A craft and storytelling event, preparing to celebrate Dydd Gwyl Dewi (St. David's Day) on 1 March. Come and colour in a St. David's flag and dragon in the Exhibition Room, make a daffodil in the Kitchen, and listen to the story of St. David in the Hunt Room - all while following our special quest around the castle. Plus face painting and live Welsh folk music. Normal admission, but it is...",Cadw,https://cadw.gov.wales/ ,./static/images/cadw_logo.png,49,12 Jan 2024 22:41
https://museum.wales//cardiff/whatson/12149/Silent-Disco-/,Silent Disco,"2 March 2024, 6pm - 8pm | 9pm - midnight",Sat 02 Mar,,2024-03-02,2024-03-02,,National Museum Cardiff,Cardiff,National Museum Cardiff,CF10 3NP,Cardiff,cff,National Museum Cardiff  Cardiff CF10 3NP,event,Motel Nights in partnership with Amgueddfa Cymru present…DO NOT DISTURB - Silent Disco N. ..,Museum Wales ,https://museum.wales/,./static/images/museum_wales_logo.png,50,12 Jan 2024 22:41
https://museum.wales//swansea/whatson/8686/St-Davids-Day-Party/,St David's Day Party,"3 March 2024, 12pm-4pm",Sun 03 Mar,,2024-03-03,2024-03-03,,National Waterfront Museum,Swansea,National Waterfront Museum,SA1 3RD ,Swansea,swa,National Waterfront Museum  Oystermouth Rd  Maritime Quarter  Swansea SA1 3RD ,event,"Join us to celebrate! , With choirs and crafts, dragons and daffodils. Featuring:Twmpath with TawerinC. ..",Museum Wales ,https://museum.wales/,./static/images/museum_wales_logo.png,51,12 Jan 2024 22:41
https://museum.wales//stfagans/whatson/11123/Lambing-Day-Courses/,Lambing Day Courses,"4, 8, 11 &  13 March 2024, 8:30am - 4pm","4, 8, 11 & 13 Mar",,2024-03-04,2024-03-13,,St Fagans National Museum of History,St. Fagans,St. Fagans,CF5 6XB,Cardiff,cff,St. Fagans  National Museum of History  Cardiff CF5 6XB,course,See all the lambing action live in our lambing shed at the Museum farm.,Museum Wales ,https://museum.wales/,./static/images/museum_wales_logo.png,52,12 Jan 2024 22:41
https://museum.wales//swansea/whatson/11840/Waterfront-Vintage-and-Makers-Market/,Waterfront Vintage And Makers Market,"9 & 10 March 2024, 10am - 4pm",Sat 09 Mar & Sun 10 Mar - Sat 11 May,,2024-03-09,2024-03-10,,National Waterfront Museum,Swansea,National Waterfront Museum,SA1 3RD ,Swansea,swa,National Waterfront Museum  Oystermouth Rd  Maritime Quarter  Swansea SA1 3RD ,event,An exciting mix of vintage delights and artisan stalls set inside the National Waterfront Museum. Wit. ..,Museum Wales ,https://museum.wales/,./static/images/museum_wales_logo.png,57,12 Jan 2024 22:41
https://www.wmc.org.uk/en/whats-on/2024/bluey,Bluey's Big Play,13 – 17 March 2024,Wed 13 Mar – Sun 17 Mar,,2024-03-13,2024-03-17,,"Wales Millenium Centre, Bute Place, Cardiff, CF10 5AL",Wales Millenium Centre,Wales Millenium Centre,CF10 5AL,Cardiff,cff,Wales Millenium Centre  Bute Place  Cardiff  CF10 5AL,performance,"When Dad feels like a little bit of Sunday afternoon time out, Bluey and Bingo have other plans! Join them as they pull out all of the games and cleverness at their disposal to get Dad off that bean bag. Bluey's Big Play is a brand-new theatrical adaptation of the Emmy® award-winning children's television series, with an original story by Bluey creator Joe Brumm, and new music by Bluey composer,...",Wales Millenium Centre,https://www.wmc.org.uk,./static/images/wmc_logo.png,61,12 Jan 2024 22:41
https://www.wmc.org.uk/en/whats-on/2024/edward-scissorhands,Edward Scissorhands,19 – 23 March 2024,Tue 19 Mar – Sat 23 Mar,,2024-03-19,2024-03-23,,"Wales Millenium Centre, Bute Place, Cardiff, CF10 5AL",Wales Millenium Centre,Wales Millenium Centre,CF10 5AL,Cardiff,cff,Wales Millenium Centre  Bute Place  Cardiff  CF10 5AL,performance,"Matthew Bourne's magical dance production of Edward Scissorhands has carved a place in the hearts of audiences world-wide since its premiere in 2005. Based on the classic Tim Burton movie and featuring the hauntingly beautiful music of Danny Elfman and Terry Davies, Bourne and his New Adventures Company return to this witty, bittersweet story of an incomplete boy left alone in a strange new world.",Wales Millenium Centre,https://www.wmc.org.uk,./static/images/wmc_logo.png,67,12 Jan 2024 22:41
https://museum.wales//cardiff/whatson/12126/Audio-Described-Tours-Meet-the-Dinosaurs/,Audio Described Tours: Meet The Dinosaurs,"21 March 2024, 11am",Thu 21 Mar,,2024-03-21,2024-03-21,,National Museum Cardiff,Cardiff,National Museum Cardiff,CF10 3NP,Cardiff,cff,National Museum Cardiff  Cardiff CF10 3NP,event,Join our museum palaeontologist on an audio described tour to find out more about the dinosaurs link. ..,Museum Wales ,https://museum.wales/,./static/images/museum_wales_logo.png,69,12 Jan 2024 22:41
https://museum.wales//cardiff/whatson/12120/Museum-Sleepover-Dinos-/,Museum Sleepover: Dinos,"23 March - 24 March 2024 , 5.30pm - 9.15am",Sat 23 Mar - Sun 24 Mar,,2024-03-23,2024-03-24,,National Museum Cardiff,Cardiff,National Museum Cardiff,CF10 3NP,Cardiff,cff,National Museum Cardiff  Cardiff CF10 3NP,event,You're invited to a very special sleepover - discover what goes on after dark in an action-packed ni. ..,Museum Wales ,https://museum.wales/,./static/images/museum_wales_logo.png,71,12 Jan 2024 22:41
http://www.margamcountrypark.co.uk//2128?event_id=44852,Science Of Sweets,Tue 26 Mar 2024,Tue 26 Mar,,2024-03-26,2024-03-26,,"Margam Country Park, Margam, Port Talbot, SA13 2TJ ",Margam Park,Margam Country Park,SA13 2TJ,Neath Port Talbot,oth,Margam Country Park  Margam  Port Talbot  SA13 2TJ ,event,"Have you ever wondered what makes your favourite sweets so irresistible? Or how to create your very own mouth watering treats using science? Well, we've got the answers and an exciting experience in store for you! Introducing ""The Science of Sweets"" Workshop!",Margam Park,http://www.margamcountrypark.co.uk/,./static/images/margam_logo.png,74,12 Jan 2024 22:41
https://www.wmc.org.uk/en/whats-on/2024/bonnie-and-clyde,Bonnie & Clyde,26 – 30 March 2024,Tue 26 Mar – Sat 30 Mar,,2024-03-26,2024-03-30,,"Wales Millenium Centre, Bute Place, Cardiff, CF10 5AL",Wales Millenium Centre,Wales Millenium Centre,CF10 5AL,Cardiff,cff,Wales Millenium Centre  Bute Place  Cardiff  CF10 5AL,performance,"Ready to raise a little hell?  Two small-town kids from the middle of nowhere became the biggest folk heroes in all America. They craved adventure—and each other. Their names were Bonnie and Clyde. Winner of Best New Musical (What'sOnStage Awards 2023), the West End smash-hit Bonnie & Clyde is set to hold-up following two hell-raising seasons in London's West End. Starring Catherine Tyldesley...",Wales Millenium Centre,https://www.wmc.org.uk,./static/images/wmc_logo.png,74,12 Jan 2024 22:41
http://www.margamcountrypark.co.uk//2128?event_id=44845,Zoolab- Springtime,Wed 27 Mar 2024,Wed 27 Mar,,2024-03-27,2024-03-27,,"Margam Country Park, Margam, Port Talbot, SA13 2TJ ",Margam Park,Margam Country Park,SA13 2TJ,Neath Port Talbot,oth,Margam Country Park  Margam  Port Talbot  SA13 2TJ ,event,Join Zoolab for a Springtime show all about how the animals start making the most of the warmer weather.,Margam Park,http://www.margamcountrypark.co.uk/,./static/images/margam_logo.png,75,12 Jan 2024 22:41
https://museum.wales//swansea/whatson/11884/Easter-Eggstravaganza/,Easter Eggstravaganza,"29 March 2024, 12 - 4pm",Fri 29 Mar - Tue 12 Mar,,2024-03-29,2024-03-12,,National Waterfront Museum,Swansea,National Waterfront Museum,SA1 3RD ,Swansea,swa,National Waterfront Museum  Oystermouth Rd  Maritime Quarter  Swansea SA1 3RD ,event,"Join us for an eggciting family day out, featuring cool springtime crafts for kids, live music, stor. ..",Museum Wales ,https://museum.wales/,./static/images/museum_wales_logo.png,77,12 Jan 2024 22:41
https://www.wmc.org.uk/en/whats-on/2024/come-from-away,Come From Away,2 – 6 April 2024,Tue 02 Apr – Sat 06 Apr,,2024-04-02,2024-04-06,April,"Wales Millenium Centre, Bute Place, Cardiff, CF10 5AL",Wales Millenium Centre,Wales Millenium Centre,CF10 5AL,Cardiff,cff,Wales Millenium Centre  Bute Place  Cardiff  CF10 5AL,performance,"7,000 Stranded Passengers.   One Small Town.   A Remarkable True Story. Winner of four Olivier Awards including Best New Musical in London and the Tony Award for Best Direction of a Musical on Broadway, this smash hit show shares the incredible real-life story of the 7,000 air passengers from all over the world who were grounded in Canada during the wake of 9/11, and the small Newfoundland...",Wales Millenium Centre,https://www.wmc.org.uk,./static/images/wmc_logo.png,81,12 Jan 2024 22:41
http://www.margamcountrypark.co.uk//2128?event_id=44846,Zoolab- Easter Fun,Thu 04 Apr 2024,Thu 04 Apr,,2024-04-04,2024-04-04,,"Margam Country Park, Margam, Port Talbot, SA13 2TJ ",Margam Park,Margam Country Park,SA13 2TJ,Neath Port Talbot,oth,Margam Country Park  Margam  Port Talbot  SA13 2TJ ,event,Join Zoolab for another hands-on encounter with awesome animals as we delve into Easter and learn all about the fun things that make this holiday so exciting.,Margam Park,http://www.margamcountrypark.co.uk/,./static/images/margam_logo.png,83,12 Jan 2024 22:41
https://www.insolecourt.org/events/spring-bouquet-workshop,Spring Bouquet Workshop,When: 14th April 2024 Workshop 1 – 10.30am-12.30pm Workshop 2 – 2pm-4pm,14 Apr1 – 2 –,,2024-04-14,2024-04-02,,"Insole Court, Fairwater Road, Llandaff, Cardiff CF5 2LN ",Insole Court,Insole Court,CF5 2LN,Cardiff,cff,Insole Court  Fairwater Road  Llandaff  Cardiff CF5 2LN ,event,"Join us for some fun spring bouquet making at Insole Court, Llandaff. Learn to create your very own beautiful fresh hand tied bouquet in our taught flower school. It's the perfect creative experience to learn something new with friends and family. You also get to take your beautiful bouquet home at the end of the class for all to see.  All materials included  Aprons provided  £55. 00pp",Insole Court,https://www.insolecourt.org/,./static/images/insole_court_logo.png,93,12 Jan 2024 22:41
https://www.wmc.org.uk/en/whats-on/2024/an-officer-and-a-gentleman,An Officer And A Gentleman,15 – 20 April 2024,Mon 15 Apr – Sat 20 Apr,,2024-04-15,2024-04-20,,"Wales Millenium Centre, Bute Place, Cardiff, CF10 5AL",Wales Millenium Centre,Wales Millenium Centre,CF10 5AL,Cardiff,cff,Wales Millenium Centre  Bute Place  Cardiff  CF10 5AL,performance,"Prepare to be swept off your feet with An Officer and a Gentleman The Musical, based on the award-winning 80s movie. This timeless story of love, courage, and redemption will make your heart soar and leave you breathless, longing for more. Be part of the emotional journey of Zack Mayo, a fearless young officer candidate, and the captivating Paula Pokrifki, whose fiery spirit matches his own....",Wales Millenium Centre,https://www.wmc.org.uk,./static/images/wmc_logo.png,94,12 Jan 2024 22:41
https://www.insolecourt.org/events/transatlantic-hot-club-live-insole-court,Transatlantic Hot Club Live @ Insole Court,When: 20th April 2024 19:30 - 21:30,Sat 20 Apr,,2024-04-20,2024-04-20,,"Insole Court, Fairwater Road, Llandaff, Cardiff CF5 2LN ",Insole Court,Insole Court,CF5 2LN,Cardiff,cff,Insole Court  Fairwater Road  Llandaff  Cardiff CF5 2LN ,event,The Transatlantic Hot Club will be performing their annual Cardiff concert in the beautiful Drawing Room of Insole Court. Featuring Adrien Chevalier (New York) on Violin and Ben Creighton Griffiths (Cardiff) on Harp joined by an excellent line-up of musicians to be announced nearer the date. For this performance the Hot Club are delighted to be joined by the wonderful Tara Minton on voice! Expect...,Insole Court,https://www.insolecourt.org/,./static/images/insole_court_logo.png,99,12 Jan 2024 22:41
https://www.wmc.org.uk/en/whats-on/2024/pretty-woman,Pretty Woman: The Musical,29 April – 4 May 2024,Mon 29 Apr – Sat 04 May,,2024-04-29,2024-05-04,,"Wales Millenium Centre, Bute Place, Cardiff, CF10 5AL",Wales Millenium Centre,Wales Millenium Centre,CF10 5AL,Cardiff,cff,Wales Millenium Centre  Bute Place  Cardiff  CF10 5AL,performance,"Big night out. Big. HUGE. Pretty Woman: The Musical is finally embarking on a UK and Ireland tour – so make a date to see Hollywood's ultimate rom-com, live on stage, when this smash-hit musical visits Cardiff in spring 2024. Once upon a time in the late '80s, Vivian met Edward and her life changed forever. Be swept up in their romance in this dazzlingly theatrical take on a love story for the...",Wales Millenium Centre,https://www.wmc.org.uk,./static/images/wmc_logo.png,108,12 Jan 2024 22:41
https://www.wmc.org.uk/en/whats-on/2024/drifters-girl,The Drifters Girl,7 – 11 May 2024,Tue 07 May – Sat 11 May,,2024-05-07,2024-05-11,May,"Wales Millenium Centre, Bute Place, Cardiff, CF10 5AL",Wales Millenium Centre,Wales Millenium Centre,CF10 5AL,Cardiff,cff,Wales Millenium Centre  Bute Place  Cardiff  CF10 5AL,performance,"Direct from the West End, The Drifters Girl comes to Wales Millennium Centre as part of a major UK & Ireland tour. Nominated for BEST NEW MUSICAL at the 2022 Olivier Awards, this smash-hit show has audiences on their feet night after night with a phenomenal soundtrack packed full of iconic Drifters hits including Saturday Night At The Movies, Save The Last Dance For Me and Stand By Me.",Wales Millenium Centre,https://www.wmc.org.uk,./static/images/wmc_logo.png,116,12 Jan 2024 22:41
https://museum.wales//swansea/whatson/11069/Wales-on-Wheels/,Wales On Wheels,"11 May 2024, 11am - 4pm",Sat 11 May,,2024-05-11,2024-05-11,,National Waterfront Museum,Swansea,National Waterfront Museum,SA1 3RD ,Swansea,swa,National Waterfront Museum  Oystermouth Rd  Maritime Quarter  Swansea SA1 3RD ,event,Vehicles of all kinds gather on the Museum Green & Dylan Thomas Square for a celebration of roll. ..,Museum Wales ,https://museum.wales/,./static/images/museum_wales_logo.png,120,12 Jan 2024 22:41
https://museum.wales//swansea/whatson/10191/Penydarren---Steam-Day/,Penydarren - Steam Day,"11 May 2024, 12:00pm-3pm",Sat 11 May,,2024-05-11,2024-05-11,,National Waterfront Museum,Swansea,National Waterfront Museum,SA1 3RD ,Swansea,swa,National Waterfront Museum  Oystermouth Rd  Maritime Quarter  Swansea SA1 3RD ,event,A rare opportunity to see the amazing Penydarren steam locomotive on the move as we fire her up and . ..,Museum Wales ,https://museum.wales/,./static/images/museum_wales_logo.png,120,12 Jan 2024 22:41
http://www.margamcountrypark.co.uk//2128?event_id=44849,Margam International Kite Festival,Sat 25 May 2024,Sat 25 May - Mon 27 May,,2024-05-25,2024-05-25,,"Margam Country Park, Margam, Port Talbot, SA13 2TJ ",Margam Park,Margam Country Park,SA13 2TJ,Neath Port Talbot,oth,Margam Country Park  Margam  Port Talbot  SA13 2TJ ,event,Bring your kite along and join in the fun!,Margam Park,http://www.margamcountrypark.co.uk/,./static/images/margam_logo.png,134,12 Jan 2024 22:41
https://www.visitthevale.com/events/vale-food-trail-2024,Vale Food Trail 2024,"May 26, 2024/June 4, 2024",Sun 26 May - Tue 04 Jun,,2024-05-26,2024-06-04,,Barry & Barry Island,Barry,Barry Promenade,CF62 5TQ,Vale of Glamorgan,vog,Barry Promenade  CF62 5TQ,event,The Vale Food Trail returns this summer. Save the Date!,Visit the Vale,https://www.visitthevale.com,./static/images/visit_the_vale_logo.png,135,12 Jan 2024 22:41
http://www.margamcountrypark.co.uk//2128?event_id=44853,Volcanoes And Earthquakes,Tue 28 May 2024,Tue 28 May,,2024-05-28,2024-05-28,,"Margam Country Park, Margam, Port Talbot, SA13 2TJ ",Margam Park,Margam Country Park,SA13 2TJ,Neath Port Talbot,oth,Margam Country Park  Margam  Port Talbot  SA13 2TJ ,course,Unleash the Power of the Earth: Join Our Science Workshop on Volcanoes and Earthquakes! 🔍🌋 🚀 Calling all young scientists and curious minds! 🚀,Margam Park,http://www.margamcountrypark.co.uk/,./static/images/margam_logo.png,137,12 Jan 2024 22:41
https://www.cardiffcastle.com/events/smashing-pumpkins-weezer/,The Smashing Pumpkins & Weezer,14                             Jun                             2024,Fri 14 Jun,,2024-06-14,2024-06-14,June,"The Castle Green, Cardiff Castle, Castle Street, Cardiff, CF10 3RB",Cardiff,The Castle Green,CF10 3RB,Cardiff,cff,The Castle Green  Cardiff Castle  Castle Street  Cardiff  CF10 3RB,event,"The Smashing Pumpkins and Weezer are playing live at Cardiff Castle on Friday 14 June 2024. Tickets on sale from Fri, 20 October @10:00",Cardiff Castle,https://www.cardiffcastle.com/ ,./static/images/cardiff_castle_logo.png,154,12 Jan 2024 22:41
https://www.eventbrite.co.uk/e/livewire-the-acdc-show-tickets-703428051237,Live/Wire - The Ac/Dc Show,"Saturday, 15 June",Sat 15 Jun,,2024-06-15,2024-06-15,,"St Donat's Castle, Saint Donats, CF61 1WF",St Donat's,St Donat's Castle,CF61 1WF,Vale of Glamorgan,vog,St Donat's Castle  Saint Donats  CF61 1WF,event,Live/Wire - the AC/DC show returns after 6 years to UWC Atlantic this June.,UWC Atlantic College,https://www.uwcatlanticexperience.com/ ,./static/images/uwc_logo.png,155,12 Jan 2024 22:41
https://www.cardiffcastle.com/events/crowded-house/,Crowded House,20                             Jun                             2024,Thu 20 Jun,,2024-06-20,2024-06-20,,"The Castle Green, Cardiff Castle, Castle Street, Cardiff, CF10 3RB",Cardiff,The Castle Green,CF10 3RB,Cardiff,cff,The Castle Green  Cardiff Castle  Castle Street  Cardiff  CF10 3RB,event,"Crowded House are playing live at Cardiff Castle on Thursday 20 June 2024. Tickets on sale from Fri, 10 November @ 09:00",Cardiff Castle,https://www.cardiffcastle.com/ ,./static/images/cardiff_castle_logo.png,160,12 Jan 2024 22:41
https://www.cardiffcastle.com/events/avril-lavigne/,Avril Lavigne,02                             Jul                             2024,Tue 02 Jul,,2024-07-02,2024-07-02,July,"The Castle Green, Cardiff Castle, Castle Street, Cardiff, CF10 3RB",Cardiff,The Castle Green,CF10 3RB,Cardiff,cff,The Castle Green  Cardiff Castle  Castle Street  Cardiff  CF10 3RB,event,"Avril Lavigne is playing live at Cardiff Castle on Tuesday 2 July 2024. Tickets on sale from Fri, 01 December @ 09:00",Cardiff Castle,https://www.cardiffcastle.com/ ,./static/images/cardiff_castle_logo.png,172,12 Jan 2024 22:41
https://www.cardiffcastle.com/events/national/,The National,03                             Jul                             2024,Wed 03 Jul,,2024-07-03,2024-07-03,,"The Castle Green, Cardiff Castle, Castle Street, Cardiff, CF10 3RB",Cardiff,The Castle Green,CF10 3RB,Cardiff,cff,The Castle Green  Cardiff Castle  Castle Street  Cardiff  CF10 3RB,event,"The National are playing live at Cardiff Castle on Wednesday 03 July 2024. Tickets on sale from Fri, 17 November @ 09:00",Cardiff Castle,https://www.cardiffcastle.com/ ,./static/images/cardiff_castle_logo.png,173,12 Jan 2024 22:41
https://www.cardiffcastle.com/events/manic-street-preachers-suede/,Manic Street Preachers & Suede,05                             Jul                             2024,Fri 05 Jul - Sat 06 Jul,,2024-07-05,2024-07-05,,"The Castle Green, Cardiff Castle, Castle Street, Cardiff, CF10 3RB",Cardiff,The Castle Green,CF10 3RB,Cardiff,cff,The Castle Green  Cardiff Castle  Castle Street  Cardiff  CF10 3RB,event,"Manic Street Preachers + Suede are playing live at Cardiff Castle on Fri, 5 July 2024, tickets available to book now.",Cardiff Castle,https://www.cardiffcastle.com/ ,./static/images/cardiff_castle_logo.png,175,12 Jan 2024 22:41
https://www.cardiffcastle.com/events/jls/,Jls,07                             Jul                             2024,Sun 07 Jul,,2024-07-07,2024-07-07,,"The Castle Green, Cardiff Castle, Castle Street, Cardiff, CF10 3RB",Cardiff,The Castle Green,CF10 3RB,Cardiff,cff,The Castle Green  Cardiff Castle  Castle Street  Cardiff  CF10 3RB,event,"JLS are playing live at Cardiff Castle on Sunday 07 July 2024. Tickets on sale from Fri, 03 November @ 10:00",Cardiff Castle,https://www.cardiffcastle.com/ ,./static/images/cardiff_castle_logo.png,177,12 Jan 2024 22:41
https://www.cardiffcastle.com/events/rick-astley/,Rick Astley,10                             Jul                             2024,Wed 10 Jul,,2024-07-10,2024-07-10,,"The Castle Green, Cardiff Castle, Castle Street, Cardiff, CF10 3RB",Cardiff,The Castle Green,CF10 3RB,Cardiff,cff,The Castle Green  Cardiff Castle  Castle Street  Cardiff  CF10 3RB,event,"Rick Astley is playing live at Cardiff Castle on Wednesday 10 July 2024. Tickets on sale from Fri, 08 December @ 09:00",Cardiff Castle,https://www.cardiffcastle.com/ ,./static/images/cardiff_castle_logo.png,180,12 Jan 2024 22:41
https://www.cardiffcastle.com/events/idles/,Idles,12                             Jul                             2024,Fri 12 Jul,,2024-07-12,2024-07-12,,"The Castle Green, Cardiff Castle, Castle Street, Cardiff, CF10 3RB",Cardiff,The Castle Green,CF10 3RB,Cardiff,cff,The Castle Green  Cardiff Castle  Castle Street  Cardiff  CF10 3RB,event,"Idles are playing live at Cardiff Castle on Friday 12 July 2024. Tickets on sale from Fri, 08 December @ 09:00",Cardiff Castle,https://www.cardiffcastle.com/ ,./static/images/cardiff_castle_logo.png,182,12 Jan 2024 22:41
https://www.cardiffcastle.com/events/noel-gallagher/,Noel Gallagher's High Flying Birds,17                             Jul                             2024,Wed 17 Jul,,2024-07-17,2024-07-17,,"The Castle Green, Cardiff Castle, Castle Street, Cardiff, CF10 3RB",Cardiff,The Castle Green,CF10 3RB,Cardiff,cff,The Castle Green  Cardiff Castle  Castle Street  Cardiff  CF10 3RB,event,"Noel Gallagher's High Flying Birds are playing live at Cardiff Castle on Wednesday 17 July 2024. Tickets on sale from Fri, 08 December @ 09:00",Cardiff Castle,https://www.cardiffcastle.com/ ,./static/images/cardiff_castle_logo.png,187,12 Jan 2024 22:41
https://www.cardiffcastle.com/events/madness/,Madness,18                             Jul                             2024,Thu 18 Jul,,2024-07-18,2024-07-18,,"The Castle Green, Cardiff Castle, Castle Street, Cardiff, CF10 3RB",Cardiff,The Castle Green,CF10 3RB,Cardiff,cff,The Castle Green  Cardiff Castle  Castle Street  Cardiff  CF10 3RB,event,"Madness are playing live at Cardiff Castle on Thursday 18 July 2024. Tickets on sale from Fri, 01 December @ 09:00",Cardiff Castle,https://www.cardiffcastle.com/ ,./static/images/cardiff_castle_logo.png,188,12 Jan 2024 22:41
https://www.wmc.org.uk/en/whats-on/2024/wizard-of-oz,The Wizard Of Oz,23 – 28 July 2024,Tue 23 Jul – Sun 28 Jul,,2024-07-23,2024-07-28,,"Wales Millenium Centre, Bute Place, Cardiff, CF10 5AL",Wales Millenium Centre,Wales Millenium Centre,CF10 5AL,Cardiff,cff,Wales Millenium Centre  Bute Place  Cardiff  CF10 5AL,performance,"Direct from The London Palladium, the sensational new production of one of the world's most beloved musicals comes to Cardiff.  Featuring the iconic original score from the Oscar-winning MGM film including Over The Rainbow, Follow The Yellow Brick Road and We're Off To See The Wizard with additional songs from Andrew Lloyd Webber and Tim Rice, this spectacular production of The Wizard of Oz will...",Wales Millenium Centre,https://www.wmc.org.uk,./static/images/wmc_logo.png,193,12 Jan 2024 22:41
https://www.cardiffcastle.com/events/tom-grennan/,Tom Grennan,26                             Jul                             2024,Fri 26 Jul,,2024-07-26,2024-07-26,,"The Castle Green, Cardiff Castle, Castle Street, Cardiff, CF10 3RB",Cardiff,The Castle Green,CF10 3RB,Cardiff,cff,The Castle Green  Cardiff Castle  Castle Street  Cardiff  CF10 3RB,event,"Tom Grennan is playing live at Cardiff Castle on Friday 26 July 2024. Tickets on sale from Fri, 10 November @ 10:00",Cardiff Castle,https://www.cardiffcastle.com/ ,./static/images/cardiff_castle_logo.png,196,12 Jan 2024 22:41
https://www.wmc.org.uk/en/whats-on/2024/wicked,Wicked,24 October – 23 November 2024,Thu 24 Oct – Sat 23 Nov,,2024-10-24,2024-11-23,October,"Wales Millenium Centre, Bute Place, Cardiff, CF10 5AL",Wales Millenium Centre,Wales Millenium Centre,CF10 5AL,Cardiff,cff,Wales Millenium Centre  Bute Place  Cardiff  CF10 5AL,performance,"“One of the most successful musicals of all time” (BBC News), Wicked has been casting its magical spell around the world for two decades. Based on the acclaimed novel by Gregory Maguire, Wicked imagines a beguiling backstory and future possibilities to the lives of L. Frank Baum's beloved characters from ‘The Wonderful Wizard of Oz' and reveals the decisions and events that shape the destinies of...",Wales Millenium Centre,https://www.wmc.org.uk,./static/images/wmc_logo.png,286,12 Jan 2024 22:41
https://www.wmc.org.uk/en/whats-on/2024/hamilton,Hamilton,26 November 2024 – 25 January 2025,Tue 26 Nov – Sat 25 Jan 2025,,2024-11-26,2025-01-25,November,"Wales Millenium Centre, Bute Place, Cardiff, CF10 5AL",Wales Millenium Centre,Wales Millenium Centre,CF10 5AL,Cardiff,cff,Wales Millenium Centre  Bute Place  Cardiff  CF10 5AL,performance,"Lin-Manuel Miranda's multi award-winning cultural phenomenon Hamilton is touring the UK for the very first time, and is coming to Wales Millennium Centre for Christmas 2024. Hamilton is the story of America's Founding Father Alexander Hamilton, an immigrant from the West Indies who became George Washington's right-hand man during the Revolutionary War and helped shape the very foundations of the...",Wales Millenium Centre,https://www.wmc.org.uk,./static/images/wmc_logo.png,319,12 Jan 2024 22:41
https://museum.wales//cardiff/whatson/11565/Extra-Time-at-National-Museum-Cardiff/,Extra Time At National Museum Cardiff,First Thursday of each month - click for all dates,"No date found, please see event details.",,date not found,date not found,date not found,National Museum Cardiff,Cardiff,National Museum Cardiff,CF10 3NP,Cardiff,cff,National Museum Cardiff  Cardiff CF10 3NP,event,National Museum Cardiff open until 8pm every first Thursday of the month,Museum Wales ,https://museum.wales/,./static/images/museum_wales_logo.png,999,12 Jan 2024 22:41
https://museum.wales//cardiff/whatson/11365/Lilys-Fossil-Footprint/,Lily's Fossil Footprint,,"No date found, please see event details.",,date not found,date not found,,National Museum Cardiff,Cardiff,National Museum Cardiff,CF10 3NP,Cardiff,cff,National Museum Cardiff  Cardiff CF10 3NP,exhibition,"When 4-year-old Lily Wilder went down to a beach in south Wales, she came across something roar-some. ..",Museum Wales ,https://museum.wales/,./static/images/museum_wales_logo.png,999,12 Jan 2024 22:41
https://www.insolecourt.org/events/ntroduction-to-gut-health-and-fermentation-could-we-be-more-microbial-than-human,Introduction To Gut Health And Fermentation  Could We Be More Microbial Than Human?,When: 17.01 – 5.30 until 6.30,"No date found, please see event details.",,date not found,date not found,,"Insole Court, Fairwater Road, Llandaff, Cardiff CF5 2LN ",Insole Court,Insole Court,CF5 2LN,Cardiff,cff,Insole Court  Fairwater Road  Llandaff  Cardiff CF5 2LN ,event,https://www. eventbrite. co. uk/e/journey-into-the-world-of-fermented-foods-and-drinks-tickets-777956808757,Insole Court,https://www.insolecourt.org/,./static/images/insole_court_logo.png,999,12 Jan 2024 22:41
